Breakfast,Serving size,Calories,Fat (G),Sat. Fat (G),Trans Fat (G),Cholesterol (MG),Sodium (MG),Carbohydrates (G),Fiber (G),Sugar (G),Protein (G)

"Chick-fil-A® Chicken Biscuit




							153g
						

							460
						

							23
						

							8
						

							0
						

							45
						

							1510
						

							45
						

							2
						

							6
						

							19
						






										Chick-fil-A® Chicken Biscuit
									


									153g
								

									460
								

									23
								

									8
								

									0
								

									45
								

									1510
								

									45
								

									2
								

									6
								

									19",Chick-fil-A® Chicken Biscuit,153g,460,23,8,0,45,1510,45,2,6
Chick-fil-A® Chicken Biscuit,153g,460,23,8,0,45,1510,45,2,6,19
Chick-fil-A® Chicken Biscuit,153g,460,23,8,0,45,1510,45,2,6,19
"Spicy Chicken Biscuit




							153g
						

							450
						

							22
						

							8
						

							0
						

							40
						

							1570
						

							44
						

							2
						

							5
						

							19
						






										Spicy Chicken Biscuit
									


									153g
								

									450
								

									22
								

									8
								

									0
								

									40
								

									1570
								

									44
								

									2
								

									5
								

									19",Spicy Chicken Biscuit,153g,450,22,8,0,40,1570,44,2,5
Spicy Chicken Biscuit,153g,450,22,8,0,40,1570,44,2,5,19
Spicy Chicken Biscuit,153g,450,22,8,0,40,1570,44,2,5,19
"Chick-fil-A Chick-n-Minis™




							127g
						

							360
						

							13
						

							4
						

							0
						

							60
						

							1060
						

							41
						

							2
						

							8
						

							20
						






										4 ct Chick-fil-A Chick-n-Minis™
									


									127g
								

									360
								

									13
								

									4
								

									0
								

									60
								

									1060
								

									41
								

									2
								

									8
								

									20
								




										10 ct Chick-fil-A Chick-n-Minis™
									


									318g
								

									910
								

									34
								

									10
								

									0
								

									150
								

									2640
								

									103
								

									6
								

									19
								

									49
								




										10 ct Chick-fil-A Chick-n-Minis™ Football-Shaped Tray
									


									318g
								

									910
								

									34
								

									10
								

									0
								

									150
								

									2640
								

									103
								

									6
								

									19
								

									49",Chick-fil-A Chick-n-Minis™,127g,360,13,4,0,60,1060,41,2,8
Chick-fil-A Chick-n-Minis™,127g,360,13,4,0,60,1060,41,2,8,20
4 ct Chick-fil-A Chick-n-Minis™,127g,360,13,4,0,60,1060,41,2,8,20
10 ct Chick-fil-A Chick-n-Minis™,318g,910,34,10,0,150,2640,103,6,19,49
10 ct Chick-fil-A Chick-n-Minis™ Football-Shaped Tray,318g,910,34,10,0,150,2640,103,6,19,49
"Egg White Grill




							175g
						

							300
						

							8
						

							4
						

							0
						

							65
						

							1020
						

							31
						

							2
						

							2
						

							28
						






										Egg White Grill
									


									175g
								

									300
								

									8
								

									4
								

									0
								

									65
								

									1020
								

									31
								

									2
								

									2
								

									28",Egg White Grill,175g,300,8,4,0,65,1020,31,2,2
Egg White Grill,175g,300,8,4,0,65,1020,31,2,2,28
Egg White Grill,175g,300,8,4,0,65,1020,31,2,2,28
"Hash Brown Scramble Burrito




							304g
						

							700
						

							40
						

							12
						

							0.5
						

							415
						

							1770
						

							51
						

							3
						

							2
						

							34
						






										Hash Brown Scramble Burrito w/ Nuggets
									


									304g
								

									700
								

									40
								

									12
								

									0.5
								

									415
								

									1770
								

									51
								

									3
								

									2
								

									34
								




										Hash Brown Scramble Burrito w/  Sausage
									


									283g
								

									720
								

									47
								

									16
								

									0.5
								

									395
								

									1450
								

									46
								

									3
								

									1
								

									28
								




										Hash Brown Scramble Burrito w/ Grilled Filet
									


									304g
								

									650
								

									36
								

									12
								

									0.5
								

									420
								

									1650
								

									46
								

									3
								

									2
								

									36
								




										Hash Brown Scramble Burrito w/ Spicy Chicken
									


									266g
								

									660
								

									37
								

									11
								

									0.5
								

									250
								

									1750
								

									54
								

									3
								

									2
								

									28
								




										Hash Brown Scramble Burrito w/ Bacon
									


									271g
								

									680
								

									42
								

									14
								

									0.5
								

									395
								

									1630
								

									46
								

									3
								

									2
								

									30
								




										Hash Brown Scramble Burrito w/ No Meat
									


									251g
								

									580
								

									34
								

									11
								

									0.5
								

									330
								

									1200
								

									47
								

									5
								

									1
								

									22
								




										Hash Brown Scramble Burrito w/ Nuggets - no hash browns
									


									261g
								

									550
								

									30
								

									11
								

									0.5
								

									415
								

									1530
								

									38
								

									2
								

									2
								

									33
								




										Hash Brown Scramble Burrito w/ Sausage - no hash browns
									


									240g
								

									570
								

									37
								

									14
								

									0.5
								

									395
								

									1200
								

									34
								

									2
								

									1
								

									26
								




										Hash Brown Scramble Burrito w/ Grilled Filet - no hash brown
									


									261g
								

									500
								

									26
								

									10
								

									0.5
								

									420
								

									1410
								

									34
								

									2
								

									2
								

									35
								




										Hash Brown Scramble Burrito w/ Spicy Chicken - no hash browns
									


									223g
								

									510
								

									27
								

									10
								

									0.5
								

									250
								

									1510
								

									41
								

									2
								

									2
								

									27
								




										Hash Brown Scramble Burrito w/ Bacon - no hash browns
									


									228g
								

									540
								

									32
								

									13
								

									0.5
								

									395
								

									1380
								

									34
								

									2
								

									2
								

									29
								




										Hash Brown Scramble Burrito w/ No Meat - no hash browns
									


									208g
								

									440
								

									24
								

									10
								

									0.5
								

									330
								

									950
								

									35
								

									3
								

									1
								

									21",Hash Brown Scramble Burrito,304g,700,40,12,0.5,415,1770,51,3,2
Hash Brown Scramble Burrito,304g,700,40,12,0.5,415,1770,51,3,2,34
Hash Brown Scramble Burrito w/ Nuggets,304g,700,40,12,0.5,415,1770,51,3,2,34
Hash Brown Scramble Burrito w/  Sausage,283g,720,47,16,0.5,395,1450,46,3,1,28
Hash Brown Scramble Burrito w/ Grilled Filet,304g,650,36,12,0.5,420,1650,46,3,2,36
Hash Brown Scramble Burrito w/ Spicy Chicken,266g,660,37,11,0.5,250,1750,54,3,2,28
Hash Brown Scramble Burrito w/ Bacon,271g,680,42,14,0.5,395,1630,46,3,2,30
Hash Brown Scramble Burrito w/ No Meat,251g,580,34,11,0.5,330,1200,47,5,1,22
Hash Brown Scramble Burrito w/ Nuggets - no hash browns,261g,550,30,11,0.5,415,1530,38,2,2,33
Hash Brown Scramble Burrito w/ Sausage - no hash browns,240g,570,37,14,0.5,395,1200,34,2,1,26
Hash Brown Scramble Burrito w/ Grilled Filet - no hash brown,261g,500,26,10,0.5,420,1410,34,2,2,35
Hash Brown Scramble Burrito w/ Spicy Chicken - no hash browns,223g,510,27,10,0.5,250,1510,41,2,2,27
Hash Brown Scramble Burrito w/ Bacon - no hash browns,228g,540,32,13,0.5,395,1380,34,2,2,29
Hash Brown Scramble Burrito w/ No Meat - no hash browns,208g,440,24,10,0.5,330,950,35,3,1,21
"Hash Brown Scramble Bowl




							233g
						

							470
						

							30
						

							9
						

							0
						

							415
						

							1350
						

							19
						

							2
						

							2
						

							29
						






										Hash Brown Scramble Bowl w/ Nuggets
									


									233g
								

									470
								

									30
								

									9
								

									0
								

									415
								

									1350
								

									19
								

									2
								

									2
								

									29
								




										Hash Brown Scramble Bowl w/ Sausage
									


									212g
								

									480
								

									37
								

									12
								

									0
								

									395
								

									1020
								

									15
								

									2
								

									1
								

									23
								




										Hash Brown Scramble Bowl w/ Grilled Filet
									


									233g
								

									420
								

									26
								

									8
								

									0
								

									420
								

									1230
								

									15
								

									2
								

									2
								

									31
								




										Hash Brown Scramble Bowl w/ Spicy Chicken
									


									240g
								

									490
								

									32
								

									9
								

									0
								

									410
								

									1470
								

									22
								

									2
								

									2
								

									28
								




										Hash Brown Scramble Bowl w/ Bacon
									


									200g
								

									450
								

									32
								

									11
								

									0
								

									395
								

									1200
								

									15
								

									2
								

									2
								

									25
								




										Hash Brown Scramble Bowl w/ No Meat
									


									180g
								

									350
								

									24
								

									8
								

									0
								

									330
								

									770
								

									16
								

									3
								

									1
								

									17
								




										Hash Brown Scramble Bowl w/ Nuggets - no hash browns
									


									190g
								

									320
								

									20
								

									8
								

									0
								

									415
								

									1100
								

									7
								

									0
								

									2
								

									28
								




										Hash Brown Scramble Bowl w/ Sausage - no hash browns
									


									169g
								

									340
								

									27
								

									11
								

									0
								

									395
								

									780
								

									2
								

									0
								

									1
								

									21
								




										Hash Brown Scramble Bowl w/ Grilled Filet - no hash browns
									


									190g
								

									270
								

									16
								

									7
								

									0
								

									420
								

									980
								

									2
								

									1
								

									2
								

									30
								




										Hash Brown Scramble Bowl w/ Spicy Chicken - no hash browns
									


									197g
								

									340
								

									21
								

									8
								

									0
								

									410
								

									1230
								

									10
								

									1
								

									2
								

									27
								




										Hash Brown Scramble Bowl w/ Bacon - no hash browns
									


									158g
								

									300
								

									22
								

									9
								

									0
								

									395
								

									960
								

									2
								

									0
								

									2
								

									24
								




										Hash Brown Scramble Bowl w/ No Meat - no hash browns
									


									194g
								

									330
								

									20
								

									7
								

									0
								

									375
								

									1140
								

									9
								

									2
								

									2
								

									29",Hash Brown Scramble Bowl,233g,470,30,9,0,415,1350,19,2,2
Hash Brown Scramble Bowl,233g,470,30,9,0,415,1350,19,2,2,29
Hash Brown Scramble Bowl w/ Nuggets,233g,470,30,9,0,415,1350,19,2,2,29
Hash Brown Scramble Bowl w/ Sausage,212g,480,37,12,0,395,1020,15,2,1,23
Hash Brown Scramble Bowl w/ Grilled Filet,233g,420,26,8,0,420,1230,15,2,2,31
Hash Brown Scramble Bowl w/ Spicy Chicken,240g,490,32,9,0,410,1470,22,2,2,28
Hash Brown Scramble Bowl w/ Bacon,200g,450,32,11,0,395,1200,15,2,2,25
Hash Brown Scramble Bowl w/ No Meat,180g,350,24,8,0,330,770,16,3,1,17
Hash Brown Scramble Bowl w/ Nuggets - no hash browns,190g,320,20,8,0,415,1100,7,0,2,28
Hash Brown Scramble Bowl w/ Sausage - no hash browns,169g,340,27,11,0,395,780,2,0,1,21
Hash Brown Scramble Bowl w/ Grilled Filet - no hash browns,190g,270,16,7,0,420,980,2,1,2,30
Hash Brown Scramble Bowl w/ Spicy Chicken - no hash browns,197g,340,21,8,0,410,1230,10,1,2,27
Hash Brown Scramble Bowl w/ Bacon - no hash browns,158g,300,22,9,0,395,960,2,0,2,24
Hash Brown Scramble Bowl w/ No Meat - no hash browns,194g,330,20,7,0,375,1140,9,2,2,29
"Chicken, Egg & Cheese Biscuit




							211g
						

							550
						

							28
						

							12
						

							0
						

							215
						

							1870
						

							48
						

							3
						

							7
						

							27
						






										Chicken, Egg & Cheese Biscuit
									


									211g
								

									550
								

									28
								

									12
								

									0
								

									215
								

									1870
								

									48
								

									3
								

									7
								

									27","Chicken, Egg & Cheese Biscuit",211g,550,28,12,0,215,1870,48,3,7
"Chicken, Egg & Cheese Biscuit",211g,550,28,12,0,215,1870,48,3,7,27
"Chicken, Egg & Cheese Biscuit",211g,550,28,12,0,215,1870,48,3,7,27
"Bacon, Egg & Cheese Biscuit




							145g
						

							420
						

							23
						

							11
						

							0
						

							180
						

							1290
						

							38
						

							2
						

							5
						

							16
						






										Bacon, Egg & Cheese Biscuit
									


									145g
								

									420
								

									23
								

									11
								

									0
								

									180
								

									1290
								

									38
								

									2
								

									5
								

									16","Bacon, Egg & Cheese Biscuit",145g,420,23,11,0,180,1290,38,2,5
"Bacon, Egg & Cheese Biscuit",145g,420,23,11,0,180,1290,38,2,5,16
"Bacon, Egg & Cheese Biscuit",145g,420,23,11,0,180,1290,38,2,5,16
"Sausage, Egg & Cheese Biscuit




							192g
						

							620
						

							42
						

							18
						

							0
						

							205
						

							1510
						

							38
						

							2
						

							4
						

							22
						






										Sausage, Egg & Cheese Biscuit
									


									192g
								

									620
								

									42
								

									18
								

									0
								

									205
								

									1510
								

									38
								

									2
								

									4
								

									22","Sausage, Egg & Cheese Biscuit",192g,620,42,18,0,205,1510,38,2,4
"Sausage, Egg & Cheese Biscuit",192g,620,42,18,0,205,1510,38,2,4,22
"Sausage, Egg & Cheese Biscuit",192g,620,42,18,0,205,1510,38,2,4,22
"Chicken, Egg & Cheese Muffin




							190g
						

							420
						

							19
						

							6
						

							0
						

							215
						

							1350
						

							37
						

							1
						

							4
						

							27
						






										Chicken, Egg & Cheese Muffin
									


									190g
								

									420
								

									19
								

									6
								

									0
								

									215
								

									1350
								

									37
								

									1
								

									4
								

									27","Chicken, Egg & Cheese Muffin",190g,420,19,6,0,215,1350,37,1,4
"Chicken, Egg & Cheese Muffin",190g,420,19,6,0,215,1350,37,1,4,27
"Chicken, Egg & Cheese Muffin",190g,420,19,6,0,215,1350,37,1,4,27
"Bacon, Egg & Cheese Muffin




							129g
						

							310
						

							13
						

							6
						

							0
						

							180
						

							800
						

							30
						

							2
						

							2
						

							17
						






										Bacon, Egg & Cheese Muffin
									


									129g
								

									310
								

									13
								

									6
								

									0
								

									180
								

									800
								

									30
								

									2
								

									2
								

									17","Bacon, Egg & Cheese Muffin",129g,310,13,6,0,180,800,30,2,2
"Bacon, Egg & Cheese Muffin",129g,310,13,6,0,180,800,30,2,2,17
"Bacon, Egg & Cheese Muffin",129g,310,13,6,0,180,800,30,2,2,17
"Sausage, Egg & Cheese Muffin




							175g
						

							500
						

							33
						

							12
						

							0
						

							205
						

							1030
						

							30
						

							1
						

							2
						

							23
						






										Sausage, Egg & Cheese Muffin
									


									175g
								

									500
								

									33
								

									12
								

									0
								

									205
								

									1030
								

									30
								

									1
								

									2
								

									23","Sausage, Egg & Cheese Muffin",175g,500,33,12,0,205,1030,30,1,2
"Sausage, Egg & Cheese Muffin",175g,500,33,12,0,205,1030,30,1,2,23
"Sausage, Egg & Cheese Muffin",175g,500,33,12,0,205,1030,30,1,2,23
"Hash Browns




							77g
						

							270
						

							18
						

							2.5
						

							0
						

							0
						

							440
						

							23
						

							3
						

							0
						

							3
						






										Small Hash Browns
									


									77g
								

									270
								

									18
								

									2.5
								

									0
								

									0
								

									440
								

									23
								

									3
								

									0
								

									3
								




										Large Hash Browns
									


									121g
								

									420
								

									29
								

									4
								

									0
								

									0
								

									700
								

									35
								

									4
								

									0
								

									4",Hash Browns,77g,270,18,2.5,0,0,440,23,3,0
Hash Browns,77g,270,18,2.5,0,0,440,23,3,0,3
Small Hash Browns,77g,270,18,2.5,0,0,440,23,3,0,3
Large Hash Browns,121g,420,29,4,0,0,700,35,4,0,4
"Greek Yogurt Parfait




							221g
						

							270
						

							9
						

							3.5
						

							0
						

							20
						

							80
						

							36
						

							1
						

							26
						

							13
						






										Greek Yogurt Parfait w/ Cookie Crumbs
									


									195g
								

									240
								

									8
								

									3.5
								

									0
								

									20
								

									85
								

									31
								

									1
								

									25
								

									12
								




										Greek Yogurt Parfait w/ Granola
									


									221g
								

									270
								

									9
								

									3.5
								

									0
								

									20
								

									80
								

									36
								

									1
								

									26
								

									13",Greek Yogurt Parfait,221g,270,9,3.5,0,20,80,36,1,26
Greek Yogurt Parfait,221g,270,9,3.5,0,20,80,36,1,26,13
Greek Yogurt Parfait w/ Cookie Crumbs,195g,240,8,3.5,0,20,85,31,1,25,12
Greek Yogurt Parfait w/ Granola,221g,270,9,3.5,0,20,80,36,1,26,13
"Fruit Cup




							125g
						

							70
						

							0
						

							0
						

							0
						

							0
						

							0
						

							16
						

							2
						

							12
						

							1
						






										Small Fruit Cup
									


									107g
								

									60
								

									0
								

									0
								

									0
								

									0
								

									0
								

									14
								

									2
								

									11
								

									1
								




										Medium Fruit Cup
									


									125g
								

									70
								

									0
								

									0
								

									0
								

									0
								

									0
								

									16
								

									2
								

									12
								

									1",Fruit Cup,125g,70,0,0,0,0,0,16,2,12
Fruit Cup,125g,70,0,0,0,0,0,16,2,12,1
Small Fruit Cup,107g,60,0,0,0,0,0,14,2,11,1
Medium Fruit Cup,125g,70,0,0,0,0,0,16,2,12,1
"Breakfast Breads




							81g
						

							290
						

							15
						

							6
						

							0
						

							0
						

							760
						

							37
						

							2
						

							4
						

							4
						






										Buttered Biscuit
									


									81g
								

									290
								

									15
								

									6
								

									0
								

									0
								

									760
								

									37
								

									2
								

									4
								

									4
								




										English Muffin
									


									61g
								

									140
								

									2
								

									0
								

									0
								

									0
								

									220
								

									29
								

									1
								

									1
								

									5
								




										4 ct Mini Yeast Rolls
									


									70g
								

									240
								

									8
								

									2.5
								

									0
								

									20
								

									450
								

									36
								

									2
								

									7
								

									6",Breakfast Breads,81g,290,15,6,0,0,760,37,2,4
Breakfast Breads,81g,290,15,6,0,0,760,37,2,4,4
Buttered Biscuit,81g,290,15,6,0,0,760,37,2,4,4
English Muffin,61g,140,2,0,0,0,220,29,1,1,5
4 ct Mini Yeast Rolls,70g,240,8,2.5,0,20,450,36,2,7,6

"Chick-fil-A® Chicken Sandwich




							183g
						

							420
						

							18
						

							3.5
						

							0
						

							70
						

							1460
						

							41
						

							1
						

							6
						

							29
						






										Chick-fil-A® Chicken Sandwich
									


									183g
								

									420
								

									18
								

									3.5
								

									0
								

									70
								

									1460
								

									41
								

									1
								

									6
								

									29",Chick-fil-A® Chicken Sandwich,183g,420,18,3.5,0,70,1460,41,1,6
Chick-fil-A® Chicken Sandwich,183g,420,18,3.5,0,70,1460,41,1,6,29
Chick-fil-A® Chicken Sandwich,183g,420,18,3.5,0,70,1460,41,1,6,29
"Chick-fil-A® Deluxe Sandwich




							247g
						

							490
						

							22
						

							6
						

							0
						

							85
						

							1700
						

							43
						

							1
						

							7
						

							32
						






										Chick-fil-A® Deluxe Sandwich w/ American
									


									247g
								

									490
								

									22
								

									6
								

									0
								

									85
								

									1700
								

									43
								

									1
								

									7
								

									32
								




										Chick-fil-A® Deluxe Sandwich w/ Colby Jack
									


									254g
								

									510
								

									24
								

									8
								

									0
								

									90
								

									1610
								

									43
								

									1
								

									7
								

									34
								




										Chick-fil-A® Deluxe Sandwich w/ Pepper Jack
									


									254g
								

									510
								

									24
								

									7
								

									0
								

									90
								

									1610
								

									43
								

									1
								

									7
								

									34
								




										Chick-fil-A® Deluxe Sandwich w/ No Cheese
									


									233g
								

									430
								

									18
								

									3.5
								

									0
								

									70
								

									1470
								

									43
								

									1
								

									7
								

									29",Chick-fil-A® Deluxe Sandwich,247g,490,22,6,0,85,1700,43,1,7
Chick-fil-A® Deluxe Sandwich,247g,490,22,6,0,85,1700,43,1,7,32
Chick-fil-A® Deluxe Sandwich w/ American,247g,490,22,6,0,85,1700,43,1,7,32
Chick-fil-A® Deluxe Sandwich w/ Colby Jack,254g,510,24,8,0,90,1610,43,1,7,34
Chick-fil-A® Deluxe Sandwich w/ Pepper Jack,254g,510,24,7,0,90,1610,43,1,7,34
Chick-fil-A® Deluxe Sandwich w/ No Cheese,233g,430,18,3.5,0,70,1470,43,1,7,29
"Spicy Chicken Sandwich




							188g
						

							450
						

							19
						

							4
						

							0
						

							65
						

							1730
						

							45
						

							1
						

							6
						

							28
						






										Spicy Chicken Sandwich
									


									188g
								

									450
								

									19
								

									4
								

									0
								

									65
								

									1730
								

									45
								

									1
								

									6
								

									28",Spicy Chicken Sandwich,188g,450,19,4,0,65,1730,45,1,6
Spicy Chicken Sandwich,188g,450,19,4,0,65,1730,45,1,6,28
Spicy Chicken Sandwich,188g,450,19,4,0,65,1730,45,1,6,28
"Spicy Deluxe Sandwich




							252g
						

							520
						

							25
						

							7
						

							0
						

							80
						

							1790
						

							46
						

							2
						

							7
						

							31
						






										Spicy Deluxe Sandwich w/ Pepper Jack
									


									252g
								

									520
								

									25
								

									7
								

									0
								

									80
								

									1790
								

									46
								

									2
								

									7
								

									31
								




										Spicy Deluxe Sandwich w/ American
									


									252g
								

									510
								

									23
								

									6
								

									0
								

									80
								

									1970
								

									47
								

									2
								

									7
								

									31
								




										Spicy Deluxe Sandwich w/ Colby Jack
									


									259g
								

									540
								

									26
								

									8
								

									0
								

									85
								

									1880
								

									47
								

									2
								

									7
								

									34
								




										Spicy Deluxe Sandwich w/ No Cheese
									


									238g
								

									460
								

									19
								

									4
								

									0
								

									65
								

									1730
								

									46
								

									2
								

									7
								

									28",Spicy Deluxe Sandwich,252g,520,25,7,0,80,1790,46,2,7
Spicy Deluxe Sandwich,252g,520,25,7,0,80,1790,46,2,7,31
Spicy Deluxe Sandwich w/ Pepper Jack,252g,520,25,7,0,80,1790,46,2,7,31
Spicy Deluxe Sandwich w/ American,252g,510,23,6,0,80,1970,47,2,7,31
Spicy Deluxe Sandwich w/ Colby Jack,259g,540,26,8,0,85,1880,47,2,7,34
Spicy Deluxe Sandwich w/ No Cheese,238g,460,19,4,0,65,1730,46,2,7,28
"Grilled Chicken Sandwich




							218g
						

							390
						

							12
						

							2
						

							0
						

							75
						

							770
						

							44
						

							3
						

							12
						

							28
						






										Grilled Chicken Sandwich
									


									218g
								

									390
								

									12
								

									2
								

									0
								

									75
								

									770
								

									44
								

									3
								

									12
								

									28",Grilled Chicken Sandwich,218g,390,12,2,0,75,770,44,3,12
Grilled Chicken Sandwich,218g,390,12,2,0,75,770,44,3,12,28
Grilled Chicken Sandwich,218g,390,12,2,0,75,770,44,3,12,28
"Chick-fil-A® Grilled Chicken Club Sandwich




							249g
						

							520
						

							22
						

							8
						

							0
						

							105
						

							1130
						

							45
						

							3
						

							12
						

							38
						






										Grilled Chicken Club w/ Colby Jack
									


									249g
								

									520
								

									22
								

									8
								

									0
								

									105
								

									1130
								

									45
								

									3
								

									12
								

									38
								




										Grilled Chicken Club w/ American
									


									242g
								

									490
								

									20
								

									6
								

									0
								

									100
								

									1220
								

									45
								

									3
								

									12
								

									35
								




										Grilled Chicken Club w/ Pepper Jack
									


									249g
								

									520
								

									22
								

									7
								

									0
								

									105
								

									1120
								

									45
								

									3
								

									12
								

									37
								




										Grilled Chicken Club w/ No Cheese
									


									228g
								

									440
								

									16
								

									3.5
								

									0
								

									85
								

									980
								

									44
								

									3
								

									12
								

									32",Chick-fil-A® Grilled Chicken Club Sandwich,249g,520,22,8,0,105,1130,45,3,12
Chick-fil-A® Grilled Chicken Club Sandwich,249g,520,22,8,0,105,1130,45,3,12,38
Grilled Chicken Club w/ Colby Jack,249g,520,22,8,0,105,1130,45,3,12,38
Grilled Chicken Club w/ American,242g,490,20,6,0,100,1220,45,3,12,35
Grilled Chicken Club w/ Pepper Jack,249g,520,22,7,0,105,1120,45,3,12,37
Grilled Chicken Club w/ No Cheese,228g,440,16,3.5,0,85,980,44,3,12,32
"Chick-fil-A® Nuggets




							113g
						

							250
						

							11
						

							2.5
						

							0
						

							85
						

							1210
						

							11
						

							0
						

							1
						

							27
						






										5 ct Chick-fil-A® Nuggets
									


									71g
								

									160
								

									7
								

									1.5
								

									0
								

									50
								

									760
								

									7
								

									0
								

									1
								

									17
								




										8 ct Chick-fil-A® Nuggets
									


									113g
								

									250
								

									11
								

									2.5
								

									0
								

									85
								

									1210
								

									11
								

									0
								

									1
								

									27
								




										12 ct Chick-fil-A® Nuggets
									


									170g
								

									380
								

									17
								

									3.5
								

									0
								

									125
								

									1820
								

									16
								

									0
								

									1
								

									40
								




										30 ct Chick-fil-A® Nuggets
									


									425g
								

									950
								

									43
								

									9
								

									0
								

									315
								

									4550
								

									41
								

									0
								

									4
								

									100
								




										30 ct Chick-fil-A® Nuggets Football-Shaped Tray
									


									425g
								

									950
								

									43
								

									9
								

									0
								

									315
								

									4550
								

									41
								

									0
								

									4
								

									100",Chick-fil-A® Nuggets,113g,250,11,2.5,0,85,1210,11,0,1
Chick-fil-A® Nuggets,113g,250,11,2.5,0,85,1210,11,0,1,27
5 ct Chick-fil-A® Nuggets,71g,160,7,1.5,0,50,760,7,0,1,17
8 ct Chick-fil-A® Nuggets,113g,250,11,2.5,0,85,1210,11,0,1,27
12 ct Chick-fil-A® Nuggets,170g,380,17,3.5,0,125,1820,16,0,1,40
30 ct Chick-fil-A® Nuggets,425g,950,43,9,0,315,4550,41,0,4,100
30 ct Chick-fil-A® Nuggets Football-Shaped Tray,425g,950,43,9,0,315,4550,41,0,4,100
"Grilled Nuggets




							95g
						

							130
						

							3
						

							0.5
						

							0
						

							85
						

							440
						

							1
						

							0
						

							1
						

							25
						






										5 ct Grilled Nuggets
									


									59g
								

									80
								

									2
								

									0
								

									0
								

									55
								

									270
								

									1
								

									0
								

									0
								

									16
								




										8 ct Grilled Nuggets
									


									95g
								

									130
								

									3
								

									0.5
								

									0
								

									85
								

									440
								

									1
								

									0
								

									1
								

									25
								




										12 ct Grilled Nuggets
									


									142g
								

									200
								

									4.5
								

									1
								

									0
								

									130
								

									660
								

									2
								

									0
								

									1
								

									38
								




										30 ct Grilled Nuggets
									


									369g
								

									510
								

									11
								

									3
								

									0
								

									335
								

									1710
								

									4
								

									1
								

									3
								

									98",Grilled Nuggets,95g,130,3,0.5,0,85,440,1,0,1
Grilled Nuggets,95g,130,3,0.5,0,85,440,1,0,1,25
5 ct Grilled Nuggets,59g,80,2,0,0,55,270,1,0,0,16
8 ct Grilled Nuggets,95g,130,3,0.5,0,85,440,1,0,1,25
12 ct Grilled Nuggets,142g,200,4.5,1,0,130,660,2,0,1,38
30 ct Grilled Nuggets,369g,510,11,3,0,335,1710,4,1,3,98
"Chick-fil-A Chick-n-Strips®




							136g
						

							310
						

							14
						

							2.5
						

							0
						

							75
						

							870
						

							16
						

							0
						

							2
						

							29
						






										2 ct Chick-fil-A Chick-n-Strips®



									91g
								

									200
								

									9
								

									2
								

									0
								

									50
								

									580
								

									11
								

									0
								

									1
								

									19
								




										3 ct Chick-fil-A Chick-n-Strips®



									136g
								

									310
								

									14
								

									2.5
								

									0
								

									75
								

									870
								

									16
								

									0
								

									2
								

									29
								




										4 ct Chick-fil-A Chick-n-Strips®



									181g
								

									410
								

									19
								

									3.5
								

									0
								

									100
								

									1150
								

									22
								

									0
								

									2
								

									39",Chick-fil-A Chick-n-Strips®,136g,310,14,2.5,0,75,870,16,0,2
Chick-fil-A Chick-n-Strips®,136g,310,14,2.5,0,75,870,16,0,2,29
2 ct Chick-fil-A Chick-n-Strips®,91g,200,9,2,0,50,580,11,0,1,19
3 ct Chick-fil-A Chick-n-Strips®,136g,310,14,2.5,0,75,870,16,0,2,29
4 ct Chick-fil-A Chick-n-Strips®,181g,410,19,3.5,0,100,1150,22,0,2,39
"Chick-fil-A® Cool Wrap




							231g
						

							660
						

							45
						

							9
						

							0
						

							110
						

							1420
						

							32
						

							14
						

							5
						

							43
						






										Chick-fil-A® Cool Wrap
									


									231g
								

									660
								

									45
								

									9
								

									0
								

									110
								

									1420
								

									32
								

									14
								

									5
								

									43",Chick-fil-A® Cool Wrap,231g,660,45,9,0,110,1420,32,14,5
Chick-fil-A® Cool Wrap,231g,660,45,9,0,110,1420,32,14,5,43
Chick-fil-A® Cool Wrap,231g,660,45,9,0,110,1420,32,14,5,43

"5 Ct Nuggets Kid's Meal




							71g
						

							160
						

							7
						

							1.5
						

							0
						

							50
						

							760
						

							7
						

							0
						

							1
						

							17
						






										5 ct Chick-fil-A® Nuggets
									


									71g
								

									160
								

									7
								

									1.5
								

									0
								

									50
								

									760
								

									7
								

									0
								

									1
								

									17
								




										Kid's Meal Sides
									


									0g
								

									0
								

									0
								

									0
								

									0
								

									0
								

									0
								

									0
								

									0
								

									0
								

									0
								




										Prize
									


									0g
								

									0
								

									0
								

									0
								

									0
								

									0
								

									0
								

									0
								

									0
								

									0
								

									0
								




										Meal Beverages
									


									0g
								

									0
								

									0
								

									0
								

									0
								

									0
								

									0
								

									0
								

									0
								

									0
								

									0",5 Ct Nuggets Kid's Meal,71g,160,7,1.5,0,50,760,7,0,1
5 Ct Nuggets Kid's Meal,71g,160,7,1.5,0,50,760,7,0,1,17
5 ct Chick-fil-A® Nuggets,71g,160,7,1.5,0,50,760,7,0,1,17
Kid's Meal Sides,0g,0,0,0,0,0,0,0,0,0,0
Prize,0g,0,0,0,0,0,0,0,0,0,0
Meal Beverages,0g,0,0,0,0,0,0,0,0,0,0
"2 Ct Chick-n-Strips® Kid's Meal




							91g
						

							200
						

							9
						

							2
						

							0
						

							50
						

							580
						

							11
						

							0
						

							1
						

							19
						






										2 ct Chick-fil-A Chick-n-Strips®



									91g
								

									200
								

									9
								

									2
								

									0
								

									50
								

									580
								

									11
								

									0
								

									1
								

									19
								




										Kid's Meal Sides
									


									0g
								

									0
								

									0
								

									0
								

									0
								

									0
								

									0
								

									0
								

									0
								

									0
								

									0
								




										Prize
									


									0g
								

									0
								

									0
								

									0
								

									0
								

									0
								

									0
								

									0
								

									0
								

									0
								

									0
								




										Meal Beverages
									


									0g
								

									0
								

									0
								

									0
								

									0
								

									0
								

									0
								

									0
								

									0
								

									0
								

									0",2 Ct Chick-n-Strips® Kid's Meal,91g,200,9,2,0,50,580,11,0,1
2 Ct Chick-n-Strips® Kid's Meal,91g,200,9,2,0,50,580,11,0,1,19
2 ct Chick-fil-A Chick-n-Strips®,91g,200,9,2,0,50,580,11,0,1,19
Kid's Meal Sides,0g,0,0,0,0,0,0,0,0,0,0
Prize,0g,0,0,0,0,0,0,0,0,0,0
Meal Beverages,0g,0,0,0,0,0,0,0,0,0,0
"5 Ct Grilled Nuggets Kid's Meal




							59g
						

							80
						

							2
						

							0
						

							0
						

							55
						

							270
						

							1
						

							0
						

							0
						

							16
						






										5 ct Grilled Nuggets
									


									59g
								

									80
								

									2
								

									0
								

									0
								

									55
								

									270
								

									1
								

									0
								

									0
								

									16
								




										Kid's Meal Sides
									


									0g
								

									0
								

									0
								

									0
								

									0
								

									0
								

									0
								

									0
								

									0
								

									0
								

									0
								




										Prize
									


									0g
								

									0
								

									0
								

									0
								

									0
								

									0
								

									0
								

									0
								

									0
								

									0
								

									0
								




										Meal Beverages
									


									0g
								

									0
								

									0
								

									0
								

									0
								

									0
								

									0
								

									0
								

									0
								

									0
								

									0",5 Ct Grilled Nuggets Kid's Meal,59g,80,2,0,0,55,270,1,0,0
5 Ct Grilled Nuggets Kid's Meal,59g,80,2,0,0,55,270,1,0,0,16
5 ct Grilled Nuggets,59g,80,2,0,0,55,270,1,0,0,16
Kid's Meal Sides,0g,0,0,0,0,0,0,0,0,0,0
Prize,0g,0,0,0,0,0,0,0,0,0,0
Meal Beverages,0g,0,0,0,0,0,0,0,0,0,0

"5 Ct Nuggets Kid's Meal




							71g
						

							160
						

							7
						

							1.5
						

							0
						

							50
						

							760
						

							7
						

							0
						

							1
						

							17
						






										5 ct Chick-fil-A® Nuggets
									


									71g
								

									160
								

									7
								

									1.5
								

									0
								

									50
								

									760
								

									7
								

									0
								

									1
								

									17
								




										Kid's Meal Sides
									


									0g
								

									0
								

									0
								

									0
								

									0
								

									0
								

									0
								

									0
								

									0
								

									0
								

									0
								




										Prize
									


									0g
								

									0
								

									0
								

									0
								

									0
								

									0
								

									0
								

									0
								

									0
								

									0
								

									0
								




										Meal Beverages
									


									0g
								

									0
								

									0
								

									0
								

									0
								

									0
								

									0
								

									0
								

									0
								

									0
								

									0",5 Ct Nuggets Kid's Meal,71g,160,7,1.5,0,50,760,7,0,1
5 Ct Nuggets Kid's Meal,71g,160,7,1.5,0,50,760,7,0,1,17
5 ct Chick-fil-A® Nuggets,71g,160,7,1.5,0,50,760,7,0,1,17
Kid's Meal Sides,0g,0,0,0,0,0,0,0,0,0,0
Prize,0g,0,0,0,0,0,0,0,0,0,0
Meal Beverages,0g,0,0,0,0,0,0,0,0,0,0
"2 Ct Chick-n-Strips® Kid's Meal




							91g
						

							200
						

							9
						

							2
						

							0
						

							50
						

							580
						

							11
						

							0
						

							1
						

							19
						






										2 ct Chick-fil-A Chick-n-Strips®



									91g
								

									200
								

									9
								

									2
								

									0
								

									50
								

									580
								

									11
								

									0
								

									1
								

									19
								




										Kid's Meal Sides
									


									0g
								

									0
								

									0
								

									0
								

									0
								

									0
								

									0
								

									0
								

									0
								

									0
								

									0
								




										Prize
									


									0g
								

									0
								

									0
								

									0
								

									0
								

									0
								

									0
								

									0
								

									0
								

									0
								

									0
								




										Meal Beverages
									


									0g
								

									0
								

									0
								

									0
								

									0
								

									0
								

									0
								

									0
								

									0
								

									0
								

									0",2 Ct Chick-n-Strips® Kid's Meal,91g,200,9,2,0,50,580,11,0,1
2 Ct Chick-n-Strips® Kid's Meal,91g,200,9,2,0,50,580,11,0,1,19
2 ct Chick-fil-A Chick-n-Strips®,91g,200,9,2,0,50,580,11,0,1,19
Kid's Meal Sides,0g,0,0,0,0,0,0,0,0,0,0
Prize,0g,0,0,0,0,0,0,0,0,0,0
Meal Beverages,0g,0,0,0,0,0,0,0,0,0,0
"5 Ct Grilled Nuggets Kid's Meal




							59g
						

							80
						

							2
						

							0
						

							0
						

							55
						

							270
						

							1
						

							0
						

							0
						

							16
						






										5 ct Grilled Nuggets
									


									59g
								

									80
								

									2
								

									0
								

									0
								

									55
								

									270
								

									1
								

									0
								

									0
								

									16
								




										Kid's Meal Sides
									


									0g
								

									0
								

									0
								

									0
								

									0
								

									0
								

									0
								

									0
								

									0
								

									0
								

									0
								




										Prize
									


									0g
								

									0
								

									0
								

									0
								

									0
								

									0
								

									0
								

									0
								

									0
								

									0
								

									0
								




										Meal Beverages
									


									0g
								

									0
								

									0
								

									0
								

									0
								

									0
								

									0
								

									0
								

									0
								

									0
								

									0",5 Ct Grilled Nuggets Kid's Meal,59g,80,2,0,0,55,270,1,0,0
5 Ct Grilled Nuggets Kid's Meal,59g,80,2,0,0,55,270,1,0,0,16
5 ct Grilled Nuggets,59g,80,2,0,0,55,270,1,0,0,16
Kid's Meal Sides,0g,0,0,0,0,0,0,0,0,0,0
Prize,0g,0,0,0,0,0,0,0,0,0,0
Meal Beverages,0g,0,0,0,0,0,0,0,0,0,0

"Frosted Lemonade




							383g
						

							320
						

							6
						

							3.5
						

							0
						

							25
						

							120
						

							65
						

							0
						

							63
						

							6
						






										Frosted Lemonade
									


									383g
								

									320
								

									6
								

									3.5
								

									0
								

									25
								

									120
								

									65
								

									0
								

									63
								

									6
								




										Frosted Lemonade w/ Diet Lemonade
									


									383g
								

									250
								

									6
								

									3.5
								

									0
								

									25
								

									125
								

									46
								

									0
								

									43
								

									6",Frosted Lemonade,383g,320,6,3.5,0,25,120,65,0,63
Frosted Lemonade,383g,320,6,3.5,0,25,120,65,0,63,6
Frosted Lemonade,383g,320,6,3.5,0,25,120,65,0,63,6
Frosted Lemonade w/ Diet Lemonade,383g,250,6,3.5,0,25,125,46,0,43,6
"Frosted Coffee




							383g
						

							230
						

							6
						

							3.5
						

							0
						

							25
						

							125
						

							39
						

							0
						

							39
						

							6
						






										Frosted Coffee
									


									383g
								

									230
								

									6
								

									3.5
								

									0
								

									25
								

									125
								

									39
								

									0
								

									39
								

									6
								




										Frosted Peppermint Chip Coffee
									


									428g
								

									430
								

									9
								

									6
								

									0
								

									25
								

									170
								

									83
								

									1
								

									68
								

									7",Frosted Coffee,383g,230,6,3.5,0,25,125,39,0,39
Frosted Coffee,383g,230,6,3.5,0,25,125,39,0,39,6
Frosted Coffee,383g,230,6,3.5,0,25,125,39,0,39,6
Frosted Peppermint Chip Coffee,428g,430,9,6,0,25,170,83,1,68,7
"Chocolate Chunk Cookie




							78g
						

							370
						

							17
						

							9
						

							0
						

							15
						

							230
						

							49
						

							3
						

							26
						

							5
						






										Chocolate Chunk Cookie
									


									78g
								

									370
								

									17
								

									9
								

									0
								

									15
								

									230
								

									49
								

									3
								

									26
								

									5
								




										6 pack Chocolate Chunk Cookie
									


									78g
								

									370
								

									17
								

									9
								

									0
								

									15
								

									230
								

									49
								

									3
								

									26
								

									5",Chocolate Chunk Cookie,78g,370,17,9,0,15,230,49,3,26
Chocolate Chunk Cookie,78g,370,17,9,0,15,230,49,3,26,5
Chocolate Chunk Cookie,78g,370,17,9,0,15,230,49,3,26,5
6 pack Chocolate Chunk Cookie,78g,370,17,9,0,15,230,49,3,26,5
"Chocolate Fudge Brownie




							85g
						

							370
						

							21
						

							8
						

							0
						

							65
						

							140
						

							47
						

							2
						

							35
						

							4",Chocolate Fudge Brownie,85g,370,21,8,0,65,140,47,2,35
Chocolate Fudge Brownie,85g,370,21,8,0,65,140,47,2,35,4
"Peppermint Chip Milkshake




							404g
						

							670
						

							23
						

							15
						

							1
						

							80
						

							360
						

							109
						

							1
						

							94
						

							11
						






										Peppermint Chip Milkshake
									


									404g
								

									670
								

									23
								

									15
								

									1
								

									80
								

									360
								

									109
								

									1
								

									94
								

									11",Peppermint Chip Milkshake,404g,670,23,15,1,80,360,109,1,94
Peppermint Chip Milkshake,404g,670,23,15,1,80,360,109,1,94,11
Peppermint Chip Milkshake,404g,670,23,15,1,80,360,109,1,94,11
"Cookies & Cream Milkshake




							411g
						

							630
						

							26
						

							15
						

							1
						

							90
						

							440
						

							90
						

							1
						

							84
						

							13
						






										Cookies & Cream Milkshake
									


									411g
								

									630
								

									26
								

									15
								

									1
								

									90
								

									440
								

									90
								

									1
								

									84
								

									13",Cookies & Cream Milkshake,411g,630,26,15,1,90,440,90,1,84
Cookies & Cream Milkshake,411g,630,26,15,1,90,440,90,1,84,13
Cookies & Cream Milkshake,411g,630,26,15,1,90,440,90,1,84,13
"Chocolate Milkshake




							399g
						

							590
						

							22
						

							14
						

							1
						

							85
						

							360
						

							90
						

							1
						

							87
						

							12
						






										Chocolate Milkshake
									


									399g
								

									590
								

									22
								

									14
								

									1
								

									85
								

									360
								

									90
								

									1
								

									87
								

									12",Chocolate Milkshake,399g,590,22,14,1,85,360,90,1,87
Chocolate Milkshake,399g,590,22,14,1,85,360,90,1,87,12
Chocolate Milkshake,399g,590,22,14,1,85,360,90,1,87,12
"Strawberry Milkshake




							412g
						

							590
						

							20
						

							13
						

							0.5
						

							80
						

							410
						

							93
						

							1
						

							88
						

							11
						






										Strawberry Milkshake
									


									412g
								

									590
								

									20
								

									13
								

									0.5
								

									80
								

									410
								

									93
								

									1
								

									88
								

									11",Strawberry Milkshake,412g,590,20,13,0.5,80,410,93,1,88
Strawberry Milkshake,412g,590,20,13,0.5,80,410,93,1,88,11
Strawberry Milkshake,412g,590,20,13,0.5,80,410,93,1,88,11
"Vanilla Milkshake




							409g
						

							580
						

							23
						

							15
						

							1
						

							90
						

							390
						

							82
						

							1
						

							80
						

							13
						






										Vanilla Milkshake
									


									409g
								

									580
								

									23
								

									15
								

									1
								

									90
								

									390
								

									82
								

									1
								

									80
								

									13",Vanilla Milkshake,409g,580,23,15,1,90,390,82,1,80
Vanilla Milkshake,409g,580,23,15,1,90,390,82,1,80,13
Vanilla Milkshake,409g,580,23,15,1,90,390,82,1,80,13
"Chick-fil-A® Icedream® Cone




							135g
						

							180
						

							4
						

							2.5
						

							0
						

							15
						

							90
						

							32
						

							0
						

							25
						

							4",Chick-fil-A® Icedream® Cone,135g,180,4,2.5,0,15,90,32,0,25
Chick-fil-A® Icedream® Cone,135g,180,4,2.5,0,15,90,32,0,25,4
"Chick-fil-A® Icedream® Cup




							122g
						

							140
						

							3.5
						

							2.5
						

							0
						

							15
						

							75
						

							24
						

							0
						

							24
						

							4
						






										Chick-fil-A® Icedream® Cup
									


									122g
								

									140
								

									3.5
								

									2.5
								

									0
								

									15
								

									75
								

									24
								

									0
								

									24
								

									4",Chick-fil-A® Icedream® Cup,122g,140,3.5,2.5,0,15,75,24,0,24
Chick-fil-A® Icedream® Cup,122g,140,3.5,2.5,0,15,75,24,0,24,4
Chick-fil-A® Icedream® Cup,122g,140,3.5,2.5,0,15,75,24,0,24,4
